{
    "resistance_calibration_data": {
        "A1_theta": {
            "pin": 65,
            "resistance_params": {
                "a": 0.012668377555458745,
                "c": 2.9237722415543006,
                "d": 0.05659421487603389,
                "rmin": 2.9237722415543006,
                "rmax": 2.952276091054083,
                "alpha": 0.004332887964188392
            },
            "measurement_data": {
                "currents": [
                    0.0,
                    0.16666666666666666,
                    0.3333333333333333,
                    0.5,
                    0.6666666666666666,
                    0.8333333333333333,
                    1.0,
                    1.1666666666666665,
                    1.3333333333333333,
                    1.5
                ],
                "voltages": [
                    0.0205,
                    0.5509,
                    1.0516,
                    1.5523,
                    2.054,
                    2.4541,
                    2.9643,
                    3.4758,
                    3.9942,
                    4.4953
                ],
                "max_current": 1.5
            }
        },
        "C3_theta": {
            "pin": 24,
            "resistance_params": {
                "a": 0.10204123531970365,
                "c": -0.40522151660141925,
                "d": 2.0127624793388437,
                "rmin": -0.40522151660141925,
                "rmax": -0.17562873713208604,
                "alpha": -0.2518159355789407
            },
            "measurement_data": {
                "currents": [
                    0.0,
                    0.16666666666666666,
                    0.3333333333333333,
                    0.5,
                    0.6666666666666666,
                    0.8333333333333333,
                    1.0,
                    1.1666666666666665,
                    1.3333333333333333,
                    1.5
                ],
                "voltages": [
                    1.7293,
                    2.4815,
                    1.7293,
                    1.7293,
                    1.7293,
                    1.7293,
                    1.7293,
                    1.7293,
                    1.7293,
                    1.7292
                ],
                "max_current": 1.5
            }
        },
        "D2_theta": {
            "pin": 22,
            "resistance_params": {
                "a": -0.009044106133101413,
                "c": 1.5572478323908951,
                "d": -0.0052170247933878144,
                "rmin": 1.536898593591417,
                "rmax": 1.5572478323908951,
                "alpha": -0.005807750022175784
            },
            "measurement_data": {
                "currents": [
                    0.0,
                    0.16666666666666666,
                    0.3333333333333333,
                    0.5,
                    0.6666666666666666,
                    0.8333333333333333,
                    1.0,
                    1.1666666666666665,
                    1.3333333333333333,
                    1.5
                ],
                "voltages": [
                    0.0002,
                    0.256,
                    0.5118,
                    0.7667,
                    1.0244,
                    1.2817,
                    1.5426,
                    1.8045,
                    2.0709,
                    2.2836
                ],
                "max_current": 1.5
            }
        },
        "H1_theta": {
            "pin": 46,
            "resistance_params": {
                "a": -0.004645237059591227,
                "c": 1.5611801000434984,
                "d": -0.005620165289255685,
                "rmin": 1.5507283166594181,
                "rmax": 1.5611801000434984,
                "alpha": -0.0029754652006272683
            },
            "measurement_data": {
                "currents": [
                    0.0,
                    0.16666666666666666,
                    0.3333333333333333,
                    0.5,
                    0.6666666666666666,
                    0.8333333333333333,
                    1.0,
                    1.1666666666666665,
                    1.3333333333333333,
                    1.5
                ],
                "voltages": [
                    0.0,
                    0.2556,
                    0.5121,
                    0.7696,
                    1.0286,
                    1.2881,
                    1.551,
                    1.8149,
                    2.0832,
                    2.306
                ],
                "max_current": 1.5
            }
        }
    },
    "phase_calibration_data": {}
}